timestamp,service,level,message,response_ms
2026-01-01T00:08:42Z,payments,INFO,Payment status reconciled,210
2026-01-01T02:07:26Z,auth,INFO,Session refreshed,112
2026-01-01T02:55:00Z,api,INFO,Response served from cache,142
2026-01-01T04:14:32Z,payments,INFO,Payment webhook processed,190
2026-01-01T04:43:53Z,notifications,INFO,Email notification queued,129
2026-01-01T06:15:49Z,payments,INFO,Payment webhook processed,222
2026-01-01T07:03:08Z,payments,INFO,Payment webhook processed,220
2026-01-01T07:35:08Z,search,INFO,Index refresh checkpoint saved,169
2026-01-01T07:48:39Z,api,INFO,Response served from cache,205
2026-01-01T07:54:20Z,api,INFO,HTTP request completed,120
2026-01-01T09:03:18Z,auth,INFO,Access token issued,111
2026-01-01T09:06:53Z,payments,INFO,Payment authorization completed,201
2026-01-01T09:11:49Z,api,INFO,API health check passed,126
2026-01-01T09:30:45Z,search,INFO,Index refresh checkpoint saved,199
2026-01-01T09:38:06Z,search,INFO,Search result cache hit,181
2026-01-01T10:46:26Z,search,WARN,Indexing backlog rising,363
2026-01-01T11:25:32Z,auth,INFO,Access token issued,99
2026-01-01T11:29:58Z,api,INFO,Response served from cache,176
2026-01-01T13:58:13Z,payments,INFO,Payment authorization completed,239
2026-01-01T13:58:45Z,payments,INFO,Payment status reconciled,192
2026-01-01T14:15:08Z,auth,INFO,Access token issued,120
2026-01-01T15:07:43Z,notifications,INFO,Notification template rendered,89
2026-01-01T15:18:16Z,search,INFO,Index refresh checkpoint saved,179
2026-01-01T16:11:30Z,db,INFO,Connection returned to pool,40
2026-01-01T16:15:14Z,api,INFO,API health check passed,133
2026-01-01T19:04:32Z,api,INFO,HTTP request completed,182
2026-01-01T19:12:51Z,payments,INFO,Payment webhook processed,192
2026-01-01T20:47:31Z,notifications,WARN,Delivery queue depth rising,309
2026-01-01T21:36:43Z,search,INFO,Index refresh checkpoint saved,177
2026-01-01T21:50:25Z,db,INFO,Replica health check passed,41
2026-01-01T22:04:56Z,auth,INFO,Session refreshed,104
2026-01-01T22:54:28Z,db,INFO,Database query completed,67
2026-01-02T03:13:32Z,auth,WARN,Token verification latency elevated,237
2026-01-02T03:42:18Z,auth,INFO,Session refreshed,111
2026-01-02T05:15:42Z,payments,INFO,Payment webhook processed,290
2026-01-02T07:28:35Z,db,INFO,Database query completed,63
2026-01-02T08:15:09Z,api,INFO,Response served from cache,121
2026-01-02T08:36:40Z,api,INFO,Response served from cache,194
2026-01-02T09:09:04Z,api,INFO,API health check passed,162
2026-01-02T09:20:07Z,search,INFO,Index refresh checkpoint saved,160
2026-01-02T09:24:03Z,api,INFO,HTTP request completed,156
2026-01-02T09:25:30Z,db,INFO,Database query completed,64
2026-01-02T09:27:46Z,search,INFO,Search query completed,196
2026-01-02T09:36:15Z,db,WARN,Replica lag above threshold,321
2026-01-02T10:27:17Z,payments,ERROR,Regional payment provider timeout,1592
2026-01-02T10:34:46Z,db,WARN,Connection pool utilization high,283
2026-01-02T10:35:56Z,payments,ERROR,Regional payment provider timeout,2485
2026-01-02T11:04:36Z,payments,INFO,Payment webhook processed,456
2026-01-02T11:09:36Z,payments,ERROR,Regional payment provider timeout,2389
2026-01-02T11:20:10Z,payments,ERROR,Regional payment provider timeout,2618
2026-01-02T11:24:35Z,payments,ERROR,Regional payment provider timeout,1940
2026-01-02T12:07:33Z,payments,WARN,Regional payment provider latency elevated,1364
2026-01-02T12:21:17Z,payments,WARN,Regional payment provider latency elevated,1349
2026-01-02T12:47:16Z,payments,ERROR,Regional payment provider timeout,2122
2026-01-02T13:18:57Z,db,INFO,Replica health check passed,91
2026-01-02T14:32:08Z,payments,INFO,Payment webhook processed,224
2026-01-02T15:01:08Z,api,INFO,HTTP request completed,123
2026-01-02T15:59:16Z,payments,INFO,Payment webhook processed,188
2026-01-02T16:02:59Z,payments,INFO,Payment authorization completed,252
2026-01-02T17:34:11Z,auth,INFO,Access token issued,162
2026-01-02T17:55:34Z,notifications,WARN,Email provider rate limit nearing,339
2026-01-02T20:41:14Z,auth,ERROR,Identity provider timeout,485
2026-01-02T21:54:23Z,api,INFO,HTTP request completed,156
2026-01-03T02:02:19Z,search,INFO,Search query completed,176
2026-01-03T03:04:43Z,notifications,INFO,Notification template rendered,155
2026-01-03T04:32:37Z,auth,INFO,Access token issued,151
2026-01-03T04:42:15Z,auth,INFO,Identity cache hit,102
2026-01-03T05:58:37Z,db,INFO,Connection returned to pool,53
2026-01-03T08:01:37Z,db,INFO,Replica health check passed,46
2026-01-03T08:06:57Z,db,INFO,Database query completed,67
2026-01-03T08:40:16Z,auth,INFO,Session refreshed,110
2026-01-03T09:09:39Z,payments,INFO,Payment authorization completed,210
2026-01-03T10:01:30Z,api,INFO,HTTP request completed,133
2026-01-03T10:24:16Z,search,INFO,Search result cache hit,248
2026-01-03T11:30:29Z,api,INFO,Response served from cache,144
2026-01-03T11:32:59Z,search,INFO,Search result cache hit,219
2026-01-03T11:57:06Z,db,INFO,Connection returned to pool,54
2026-01-03T12:44:40Z,auth,INFO,Session refreshed,138
2026-01-03T12:59:15Z,api,INFO,Response served from cache,155
2026-01-03T13:25:04Z,api,INFO,HTTP request completed,137
2026-01-03T13:37:35Z,db,INFO,Connection returned to pool,75
2026-01-03T15:14:54Z,api,WARN,Request queue utilization high,281
2026-01-03T15:22:07Z,api,INFO,API health check passed,162
2026-01-03T15:23:23Z,auth,INFO,Access token issued,129
2026-01-03T15:38:51Z,api,INFO,Response served from cache,134
2026-01-03T16:05:02Z,search,WARN,Search replica retry scheduled,429
2026-01-03T16:14:55Z,payments,INFO,Payment status reconciled,250
2026-01-03T16:30:15Z,notifications,INFO,Notification template rendered,97
2026-01-03T17:27:38Z,api,INFO,Response served from cache,224
2026-01-03T18:19:52Z,payments,INFO,Payment authorization completed,193
2026-01-03T18:45:51Z,auth,INFO,Access token issued,114
2026-01-03T19:17:49Z,notifications,INFO,Notification template rendered,70
2026-01-03T20:28:05Z,notifications,ERROR,Notification worker exhausted retries,973
2026-01-03T21:02:53Z,auth,INFO,Identity cache hit,178
2026-01-03T21:54:55Z,auth,INFO,Identity cache hit,96
2026-01-03T22:51:12Z,api,INFO,API health check passed,246
2026-01-03T23:34:01Z,search,INFO,Index refresh checkpoint saved,216
2026-01-04T00:30:00Z,auth,INFO,Access token issued,91
2026-01-04T01:51:49Z,auth,INFO,Session refreshed,157
2026-01-04T03:12:08Z,payments,INFO,Payment authorization completed,242
2026-01-04T03:26:21Z,db,INFO,Database query completed,59
2026-01-04T04:06:08Z,payments,INFO,Payment status reconciled,206
2026-01-04T04:49:19Z,notifications,INFO,Email notification queued,120
2026-01-04T05:48:26Z,payments,INFO,Payment authorization completed,186
2026-01-04T07:34:17Z,search,INFO,Search query completed,186
2026-01-04T07:54:40Z,search,WARN,Search replica retry scheduled,283
2026-01-04T07:58:29Z,auth,WARN,Token verification latency elevated,281
2026-01-04T08:08:42Z,payments,INFO,Payment authorization completed,3996
2026-01-04T08:22:03Z,api,INFO,API health check passed,2075
2026-01-04T08:45:18Z,payments,WARN,Payment provider latency elevated,531
2026-01-04T08:45:27Z,api,WARN,Client rate limit nearing threshold,424
2026-01-04T09:09:50Z,search,INFO,Search query completed,209
2026-01-04T10:33:57Z,auth,INFO,Access token issued,123
2026-01-04T11:27:24Z,api,INFO,Response served from cache,121
2026-01-04T11:37:38Z,payments,INFO,Payment status reconciled,201
2026-01-04T12:09:17Z,api,WARN,Upstream response latency elevated,221
2026-01-04T13:09:10Z,auth,INFO,Access token issued,138
2026-01-04T13:46:54Z,search,WARN,Search query latency elevated,370
2026-01-04T13:51:24Z,auth,WARN,Token verification latency elevated,400
2026-01-04T13:53:24Z,notifications,INFO,Notification template rendered,108
2026-01-04T14:16:52Z,auth,INFO,Access token issued,101
2026-01-04T14:39:16Z,payments,INFO,Payment webhook processed,189
2026-01-04T15:49:41Z,api,INFO,HTTP request completed,133
2026-01-04T15:58:17Z,notifications,INFO,Email notification queued,95
2026-01-04T16:19:26Z,payments,INFO,Payment status reconciled,208
2026-01-04T16:27:06Z,payments,INFO,Payment authorization completed,237
2026-01-04T16:28:33Z,db,INFO,Connection returned to pool,41
2026-01-04T16:31:38Z,payments,INFO,Payment authorization completed,181
2026-01-04T17:48:16Z,auth,INFO,Session refreshed,90
2026-01-04T17:53:33Z,search,INFO,Search result cache hit,172
2026-01-04T18:48:01Z,search,INFO,Index refresh checkpoint saved,207
2026-01-04T18:51:56Z,search,INFO,Search query completed,177
2026-01-04T19:04:28Z,notifications,WARN,Delivery queue depth rising,2390
2026-01-04T19:21:19Z,search,INFO,Search query completed,179
2026-01-04T19:21:35Z,payments,INFO,Payment webhook processed,191
2026-01-04T20:17:17Z,auth,INFO,Identity cache hit,112
2026-01-04T22:01:47Z,api,INFO,API health check passed,127
2026-01-05T02:03:35Z,auth,WARN,Identity provider retry scheduled,368
2026-01-05T02:37:56Z,payments,INFO,Payment webhook processed,221
2026-01-05T03:58:36Z,notifications,INFO,Notification template rendered,80
2026-01-05T07:03:44Z,payments,INFO,Payment webhook processed,203
2026-01-05T07:24:54Z,db,INFO,Replica health check passed,72
2026-01-05T07:33:48Z,api,INFO,API health check passed,148
2026-01-05T08:09:04Z,api,INFO,Response served from cache,135
2026-01-05T08:19:49Z,auth,INFO,Identity cache hit,135
2026-01-05T08:48:39Z,db,ERROR,Read replica unavailable,288
2026-01-05T09:10:46Z,search,INFO,Search result cache hit,174
2026-01-05T09:26:11Z,api,INFO,Response served from cache,206
2026-01-05T10:44:25Z,payments,WARN,Webhook delivery delayed,365
2026-01-05T11:29:00Z,search,WARN,Indexing backlog rising,435
2026-01-05T11:53:23Z,api,INFO,API health check passed,130
2026-01-05T12:33:38Z,db,INFO,Replica health check passed,76
2026-01-05T12:42:26Z,auth,INFO,Identity cache hit,119
2026-01-05T14:05:32Z,payments,INFO,Payment webhook processed,217
2026-01-05T15:32:01Z,notifications,ERROR,Push gateway rejected request,324
2026-01-05T15:56:23Z,auth,INFO,Identity cache hit,158
2026-01-05T16:25:08Z,payments,INFO,Payment webhook processed,205
2026-01-05T17:39:03Z,db,INFO,Database query completed,48
2026-01-05T17:52:23Z,db,INFO,Replica health check passed,66
2026-01-05T19:27:19Z,db,INFO,Replica health check passed,78
2026-01-05T19:54:44Z,payments,ERROR,Payment provider timeout,526
2026-01-05T21:30:51Z,auth,WARN,Token verification latency elevated,306
2026-01-05T23:18:01Z,search,INFO,Search result cache hit,239
2026-01-06T05:19:07Z,api,INFO,API health check passed,161
2026-01-06T07:40:54Z,auth,INFO,Access token issued,100
2026-01-06T07:45:15Z,search,INFO,Search query completed,173
2026-01-06T08:08:32Z,db,INFO,Database query completed,82
2026-01-06T08:23:42Z,search,INFO,Search result cache hit,237
2026-01-06T09:34:05Z,api,INFO,API health check passed,143
2026-01-06T09:46:36Z,api,INFO,API health check passed,125
2026-01-06T10:38:33Z,auth,INFO,Session refreshed,140
2026-01-06T11:29:55Z,payments,INFO,Payment webhook processed,213
2026-01-06T11:31:18Z,payments,INFO,Payment webhook processed,231
2026-01-06T11:36:57Z,search,INFO,Search result cache hit,176
2026-01-06T11:42:58Z,auth,INFO,Access token issued,177
2026-01-06T11:57:41Z,payments,INFO,Payment authorization completed,194
2026-01-06T14:11:20Z,payments,INFO,Payment status reconciled,199
2026-01-06T14:39:38Z,auth,INFO,Access token issued,104
2026-01-06T15:03:47Z,db,INFO,Connection returned to pool,113
2026-01-06T16:10:58Z,search,INFO,Search query completed,161
2026-01-06T16:12:38Z,db,INFO,Database query completed,101
2026-01-06T16:33:12Z,api,INFO,API health check passed,120
2026-01-06T16:55:22Z,search,INFO,Search result cache hit,178
2026-01-06T18:04:41Z,notifications,WARN,Retrying notification delivery,330
2026-01-06T18:11:07Z,auth,ERROR,Identity provider timeout,1153
2026-01-06T20:48:03Z,api,INFO,Response served from cache,2291
2026-01-06T21:01:45Z,payments,WARN,Webhook delivery delayed,343
2026-01-06T21:32:25Z,search,INFO,Search result cache hit,216
2026-01-07T01:34:22Z,payments,INFO,Payment authorization completed,182
2026-01-07T05:39:12Z,api,WARN,Request queue utilization high,264
2026-01-07T06:16:46Z,auth,INFO,Access token issued,119
2026-01-07T06:40:14Z,api,INFO,HTTP request completed,158
2026-01-07T07:40:34Z,payments,INFO,Payment authorization completed,214
2026-01-07T08:55:57Z,api,INFO,API health check passed,124
2026-01-07T09:08:15Z,auth,INFO,Identity cache hit,141
2026-01-07T09:46:54Z,payments,WARN,Payment provider latency elevated,375
2026-01-07T09:53:26Z,api,INFO,HTTP request completed,120
2026-01-07T10:28:02Z,auth,INFO,Access token issued,120
2026-01-07T10:39:24Z,notifications,INFO,Push notification delivered,137
2026-01-07T10:50:20Z,auth,ERROR,JWT signature validation failed,691
2026-01-07T10:57:24Z,auth,WARN,Login rate limit nearing threshold,382
2026-01-07T11:04:16Z,payments,INFO,Payment webhook processed,183
2026-01-07T11:21:43Z,db,INFO,Replica health check passed,58
2026-01-07T12:15:44Z,api,INFO,HTTP request completed,164
2026-01-07T13:15:31Z,db,WARN,Connection pool utilization high,217
2026-01-07T13:50:23Z,payments,INFO,Payment webhook processed,199
2026-01-07T13:53:31Z,api,INFO,Response served from cache,183
2026-01-07T13:54:17Z,db,WARN,Slow query detected,265
2026-01-07T14:00:32Z,search,ERROR,Index shard unavailable,698
2026-01-07T14:59:56Z,notifications,INFO,Email notification queued,78
2026-01-07T15:05:40Z,db,INFO,Connection returned to pool,54
2026-01-07T15:08:15Z,auth,WARN,Login rate limit nearing threshold,270
2026-01-07T15:15:30Z,auth,INFO,Session refreshed,97
2026-01-07T16:48:33Z,notifications,WARN,Retrying notification delivery,374
2026-01-07T16:57:24Z,auth,INFO,Identity cache hit,180
2026-01-07T17:04:28Z,search,INFO,Search result cache hit,248
2026-01-07T17:39:01Z,notifications,WARN,Retrying notification delivery,294
2026-01-07T17:52:36Z,api,ERROR,Dependency returned 503,542
2026-01-07T18:02:00Z,auth,INFO,Session refreshed,112
2026-01-07T18:31:17Z,auth,INFO,Identity cache hit,135
2026-01-07T19:02:40Z,auth,INFO,Identity cache hit,160
2026-01-07T19:29:16Z,api,INFO,API health check passed,181
2026-01-07T19:53:26Z,db,INFO,Replica health check passed,77
2026-01-07T20:30:03Z,api,INFO,Response served from cache,140
2026-01-07T21:10:38Z,notifications,INFO,Email notification queued,122
2026-01-07T22:18:47Z,payments,INFO,Payment webhook processed,187
2026-01-07T22:21:50Z,auth,INFO,Session refreshed,121
2026-01-07T22:24:00Z,api,INFO,Response served from cache,150
2026-01-07T22:32:41Z,db,INFO,Connection returned to pool,53
2026-01-07T22:35:33Z,api,INFO,HTTP request completed,155
2026-01-07T23:41:23Z,auth,INFO,Access token issued,90
2026-01-07T23:47:53Z,auth,INFO,Identity cache hit,151
2026-01-08T00:09:26Z,notifications,ERROR,Email provider unavailable,809
2026-01-08T00:13:15Z,payments,INFO,Payment authorization completed,233
2026-01-08T01:21:42Z,payments,INFO,Payment authorization completed,207
2026-01-08T03:24:05Z,payments,INFO,Payment status reconciled,202
2026-01-08T03:53:05Z,api,INFO,API health check passed,219
2026-01-08T04:49:08Z,api,INFO,HTTP request completed,138
2026-01-08T05:23:40Z,notifications,INFO,Email notification queued,75
2026-01-08T07:01:13Z,api,INFO,HTTP request completed,159
2026-01-08T07:08:09Z,api,WARN,Upstream response latency elevated,354
2026-01-08T07:16:24Z,auth,INFO,Session refreshed,99
2026-01-08T09:11:20Z,notifications,INFO,Push notification delivered,113
2026-01-08T09:19:02Z,notifications,INFO,Push notification delivered,84
2026-01-08T09:21:17Z,api,INFO,API health check passed,183
2026-01-08T09:59:04Z,payments,INFO,Payment webhook processed,265
2026-01-08T10:36:32Z,auth,INFO,Access token issued,126
2026-01-08T11:09:41Z,payments,WARN,Payment provider latency elevated,469
2026-01-08T11:12:33Z,auth,INFO,Identity cache hit,91
2026-01-08T12:03:28Z,api,WARN,Request queue utilization high,381
2026-01-08T12:05:36Z,api,INFO,Response served from cache,147
2026-01-08T12:12:48Z,search,INFO,Index refresh checkpoint saved,223
2026-01-08T12:26:07Z,db,ERROR,Primary database connection failed,1154
2026-01-08T12:27:12Z,search,WARN,Search replica retry scheduled,336
2026-01-08T12:37:32Z,api,INFO,API health check passed,124
2026-01-08T13:15:30Z,auth,INFO,Identity cache hit,140
2026-01-08T13:15:44Z,db,INFO,Connection returned to pool,44
2026-01-08T13:19:02Z,api,ERROR,Upstream gateway timeout,340
2026-01-08T14:17:02Z,payments,INFO,Payment status reconciled,254
2026-01-08T14:26:17Z,api,INFO,Response served from cache,149
2026-01-08T15:01:03Z,search,WARN,Indexing backlog rising,371
2026-01-08T17:36:41Z,payments,INFO,Payment status reconciled,205
2026-01-08T18:05:57Z,notifications,INFO,Email notification queued,112
2026-01-08T18:48:34Z,payments,INFO,Payment status reconciled,202
2026-01-08T19:30:03Z,notifications,INFO,Notification template rendered,145
2026-01-08T21:44:38Z,payments,INFO,Payment authorization completed,184
2026-01-08T22:41:47Z,db,INFO,Connection returned to pool,71
2026-01-08T23:15:29Z,db,INFO,Replica health check passed,100
2026-01-08T23:49:12Z,payments,INFO,Payment authorization completed,211
2026-01-09T00:04:56Z,payments,INFO,Payment authorization completed,216
2026-01-09T02:20:03Z,api,INFO,API health check passed,175
2026-01-09T04:38:50Z,auth,INFO,Session refreshed,149
2026-01-09T04:42:27Z,db,INFO,Connection returned to pool,51
2026-01-09T05:24:09Z,api,INFO,Response served from cache,120
2026-01-09T08:12:50Z,api,INFO,HTTP request completed,145
2026-01-09T08:14:00Z,api,INFO,HTTP request completed,134
2026-01-09T08:20:42Z,db,INFO,Database query completed,87
2026-01-09T08:26:29Z,auth,INFO,Identity cache hit,132
2026-01-09T09:34:10Z,auth,INFO,Session refreshed,178
2026-01-09T10:01:07Z,notifications,INFO,Notification template rendered,100
2026-01-09T10:06:02Z,search,INFO,Index refresh checkpoint saved,250
2026-01-09T10:41:11Z,notifications,INFO,Notification template rendered,95
2026-01-09T10:50:21Z,notifications,INFO,Notification template rendered,115
2026-01-09T11:28:37Z,auth,WARN,Token verification latency elevated,220
2026-01-09T12:05:38Z,api,INFO,Response served from cache,158
2026-01-09T12:23:12Z,auth,INFO,Identity cache hit,122
2026-01-09T12:35:15Z,search,INFO,Search query completed,187
2026-01-09T12:38:57Z,db,INFO,Replica health check passed,55
2026-01-09T12:51:19Z,payments,INFO,Payment authorization completed,210
2026-01-09T12:56:19Z,db,INFO,Connection returned to pool,65
2026-01-09T13:56:08Z,notifications,INFO,Email notification queued,82
2026-01-09T15:00:00Z,payments,INFO,Payment status reconciled,195
2026-01-09T15:31:09Z,api,INFO,HTTP request completed,166
2026-01-09T16:24:29Z,search,WARN,Search replica retry scheduled,461
2026-01-09T16:39:51Z,payments,INFO,Payment webhook processed,206
2026-01-09T16:46:34Z,auth,INFO,Access token issued,184
2026-01-09T17:58:30Z,notifications,INFO,Email notification queued,90
2026-01-09T19:04:23Z,payments,INFO,Payment webhook processed,201
2026-01-09T20:15:36Z,db,INFO,Database query completed,75
2026-01-09T20:48:34Z,notifications,WARN,Delivery queue depth rising,357
2026-01-09T21:05:21Z,db,INFO,Connection returned to pool,74
2026-01-09T22:04:33Z,db,INFO,Replica health check passed,51
2026-01-09T22:44:11Z,api,INFO,Response served from cache,137
2026-01-09T22:59:33Z,search,INFO,Search result cache hit,251
2026-01-09T23:01:32Z,notifications,INFO,Email notification queued,84
2026-01-09T23:03:33Z,api,WARN,Client rate limit nearing threshold,267
2026-01-10T01:05:26Z,payments,INFO,Payment status reconciled,204
2026-01-10T02:42:47Z,payments,INFO,Payment authorization completed,202
2026-01-10T02:48:44Z,payments,INFO,Payment status reconciled,194
2026-01-10T03:27:22Z,payments,INFO,Payment authorization completed,193
2026-01-10T03:56:00Z,search,WARN,Search query latency elevated,339
2026-01-10T05:32:14Z,search,INFO,Index refresh checkpoint saved,176
2026-01-10T06:20:38Z,search,INFO,Search result cache hit,191
2026-01-10T07:46:12Z,auth,INFO,Identity cache hit,181
2026-01-10T08:04:40Z,notifications,WARN,Email provider rate limit nearing,381
2026-01-10T08:09:18Z,auth,INFO,Access token issued,113
2026-01-10T09:15:45Z,api,INFO,Response served from cache,168
2026-01-10T09:51:39Z,api,INFO,Response served from cache,200
2026-01-10T10:40:23Z,api,INFO,HTTP request completed,190
2026-01-10T10:51:35Z,api,WARN,Upstream response latency elevated,441
2026-01-10T11:13:59Z,db,INFO,Database query completed,47
2026-01-10T11:34:43Z,api,INFO,HTTP request completed,134
2026-01-10T11:46:25Z,db,INFO,Connection returned to pool,51
2026-01-10T11:52:31Z,search,INFO,Search result cache hit,189
2026-01-10T12:32:49Z,search,INFO,Index refresh checkpoint saved,210
2026-01-10T12:50:30Z,notifications,INFO,Email notification queued,85
2026-01-10T13:04:50Z,payments,INFO,Payment authorization completed,219
2026-01-10T13:23:35Z,auth,INFO,Session refreshed,92
2026-01-10T13:27:08Z,api,INFO,HTTP request completed,142
2026-01-10T14:34:46Z,api,INFO,Response served from cache,213
2026-01-10T14:47:45Z,api,INFO,Response served from cache,126
2026-01-10T14:56:32Z,db,INFO,Connection returned to pool,76
2026-01-10T15:11:10Z,api,INFO,Response served from cache,141
2026-01-10T15:17:35Z,api,WARN,Upstream response latency elevated,285
2026-01-10T15:28:22Z,payments,INFO,Payment authorization completed,228
2026-01-10T15:39:09Z,api,INFO,HTTP request completed,131
2026-01-10T15:39:20Z,notifications,INFO,Email notification queued,111
2026-01-10T15:47:32Z,auth,INFO,Session refreshed,112
2026-01-10T16:36:58Z,auth,INFO,Identity cache hit,103
2026-01-10T17:22:34Z,auth,INFO,Identity cache hit,93
2026-01-11T00:25:26Z,api,INFO,HTTP request completed,126
2026-01-11T00:26:42Z,api,INFO,API health check passed,123
2026-01-11T05:56:08Z,auth,WARN,Identity provider retry scheduled,354
2026-01-11T06:22:19Z,search,INFO,Search result cache hit,203
2026-01-11T07:24:20Z,auth,INFO,Session refreshed,153
2026-01-11T08:11:00Z,payments,INFO,Payment webhook processed,213
2026-01-11T08:36:44Z,api,INFO,Response served from cache,156
2026-01-11T10:01:31Z,notifications,INFO,Email notification queued,88
2026-01-11T10:19:54Z,api,INFO,API health check passed,135
2026-01-11T10:57:41Z,auth,INFO,Access token issued,114
2026-01-11T11:28:04Z,payments,WARN,Payment provider latency elevated,376
2026-01-11T11:32:51Z,payments,INFO,Payment authorization completed,214
2026-01-11T11:39:08Z,payments,INFO,Payment authorization completed,199
2026-01-11T12:16:08Z,api,INFO,Response served from cache,120
2026-01-11T13:04:28Z,search,ERROR,Index shard unavailable,643
2026-01-11T13:08:56Z,notifications,INFO,Notification template rendered,113
2026-01-11T13:35:38Z,auth,INFO,Session refreshed,138
2026-01-11T13:41:19Z,db,INFO,Replica health check passed,76
2026-01-11T14:08:06Z,auth,INFO,Session refreshed,122
2026-01-11T14:57:38Z,auth,WARN,Token verification latency elevated,185
2026-01-11T15:14:43Z,auth,INFO,Access token issued,91
2026-01-11T15:19:50Z,auth,INFO,Identity cache hit,109
2026-01-11T15:50:33Z,auth,INFO,Access token issued,110
2026-01-11T16:11:39Z,db,INFO,Database query completed,69
2026-01-11T17:29:04Z,api,WARN,Client rate limit nearing threshold,3967
2026-01-11T17:36:54Z,search,WARN,Search query latency elevated,427
2026-01-11T17:46:43Z,db,ERROR,Primary database unavailable in failover,1600
2026-01-11T17:59:47Z,auth,INFO,Access token issued,110
2026-01-11T18:08:48Z,db,ERROR,Primary database unavailable in failover,2741
2026-01-11T18:17:01Z,auth,INFO,Session refreshed,122
2026-01-11T20:35:46Z,payments,INFO,Payment authorization completed,216
2026-01-11T21:05:37Z,db,INFO,Database query completed,264
2026-01-11T21:18:23Z,db,INFO,Database query completed,370
2026-01-11T21:44:34Z,db,INFO,Connection returned to pool,341
2026-01-11T21:58:30Z,db,WARN,Database connection pool saturation,3257
2026-01-11T23:31:02Z,api,ERROR,Request handler failed,825
2026-01-12T00:31:22Z,db,INFO,Replica health check passed,42
2026-01-12T00:56:48Z,db,INFO,Connection returned to pool,74
2026-01-12T01:54:42Z,notifications,INFO,Notification template rendered,107
2026-01-12T02:30:10Z,db,INFO,Connection returned to pool,107
2026-01-12T03:22:20Z,api,WARN,Upstream response latency elevated,411
2026-01-12T03:42:14Z,payments,ERROR,Payment provider timeout,1320
2026-01-12T06:19:21Z,auth,INFO,Session refreshed,100
2026-01-12T08:28:39Z,auth,INFO,Session refreshed,92
2026-01-12T08:35:53Z,payments,INFO,Payment status reconciled,204
2026-01-12T08:42:37Z,auth,INFO,Session refreshed,107
2026-01-12T09:52:04Z,db,INFO,Replica health check passed,60
2026-01-12T10:41:03Z,payments,INFO,Payment authorization completed,199
2026-01-12T11:06:48Z,payments,INFO,Payment status reconciled,229
2026-01-12T11:47:57Z,notifications,INFO,Push notification delivered,90
2026-01-12T11:52:20Z,auth,INFO,Identity cache hit,126
2026-01-12T12:07:59Z,auth,INFO,Identity cache hit,148
2026-01-12T12:53:20Z,search,INFO,Search result cache hit,163
2026-01-12T13:22:44Z,auth,INFO,Access token issued,108
2026-01-12T13:36:14Z,search,INFO,Search result cache hit,220
2026-01-12T13:37:44Z,db,INFO,Connection returned to pool,98
2026-01-12T13:41:17Z,payments,WARN,Retrying idempotent authorization,483
2026-01-12T14:05:57Z,db,INFO,Connection returned to pool,68
2026-01-12T14:15:03Z,payments,INFO,Payment webhook processed,181
2026-01-12T14:18:02Z,api,INFO,API health check passed,127
2026-01-12T15:06:49Z,db,INFO,Database query completed,47
2026-01-12T15:08:11Z,payments,WARN,Webhook delivery delayed,504
2026-01-12T15:14:27Z,payments,INFO,Payment authorization completed,183
2026-01-12T17:29:02Z,auth,INFO,Access token issued,93
2026-01-12T17:51:57Z,api,INFO,Response served from cache,148
2026-01-12T18:17:10Z,payments,INFO,Payment authorization completed,220
2026-01-12T18:48:15Z,auth,ERROR,Identity provider timeout,569
2026-01-12T18:48:45Z,auth,INFO,Access token issued,2498
2026-01-12T19:15:47Z,api,INFO,API health check passed,126
2026-01-12T19:22:39Z,search,INFO,Search query completed,197
2026-01-12T19:40:01Z,db,INFO,Replica health check passed,54
2026-01-12T20:39:50Z,auth,INFO,Access token issued,109
2026-01-12T21:02:09Z,search,INFO,Index refresh checkpoint saved,204
2026-01-12T22:40:42Z,payments,WARN,Webhook delivery delayed,362
2026-01-12T23:52:12Z,auth,INFO,Identity cache hit,158
2026-01-13T03:27:05Z,auth,ERROR,JWT signature validation failed,849
2026-01-13T07:20:25Z,db,INFO,Replica health check passed,48
2026-01-13T07:28:57Z,db,WARN,Slow query detected,261
2026-01-13T07:48:10Z,db,INFO,Database query completed,69
2026-01-13T08:10:19Z,db,INFO,Database query completed,40
2026-01-13T08:13:16Z,payments,INFO,Payment authorization completed,202
2026-01-13T08:25:21Z,search,INFO,Search query completed,188
2026-01-13T08:28:13Z,search,INFO,Search result cache hit,166
2026-01-13T09:03:22Z,db,INFO,Connection returned to pool,56
2026-01-13T09:29:34Z,payments,INFO,Payment status reconciled,226
2026-01-13T10:05:24Z,api,WARN,Client rate limit nearing threshold,301
2026-01-13T10:33:26Z,search,INFO,Index refresh checkpoint saved,179
2026-01-13T11:07:59Z,db,INFO,Replica health check passed,74
2026-01-13T11:11:11Z,payments,INFO,Payment authorization completed,216
2026-01-13T11:16:34Z,api,INFO,API health check passed,134
2026-01-13T11:31:08Z,payments,INFO,Payment webhook processed,193
2026-01-13T12:26:34Z,db,INFO,Database query completed,83
2026-01-13T12:34:02Z,payments,INFO,Payment webhook processed,210
2026-01-13T12:47:49Z,payments,INFO,Payment authorization completed,185
2026-01-13T12:53:12Z,auth,WARN,Login rate limit nearing threshold,317
2026-01-13T13:04:53Z,payments,INFO,Payment authorization completed,191
2026-01-13T13:18:06Z,notifications,INFO,Push notification delivered,72
2026-01-13T13:40:51Z,db,INFO,Connection returned to pool,47
2026-01-13T13:41:13Z,payments,INFO,Payment webhook processed,188
2026-01-13T13:46:29Z,search,INFO,Search result cache hit,167
2026-01-13T14:29:48Z,db,INFO,Replica health check passed,98
2026-01-13T16:02:28Z,search,INFO,Search query completed,181
2026-01-13T16:18:07Z,db,INFO,Connection returned to pool,43
2026-01-13T16:42:05Z,auth,INFO,Identity cache hit,132
2026-01-13T16:50:44Z,payments,INFO,Payment status reconciled,220
2026-01-13T17:07:00Z,api,INFO,HTTP request completed,170
2026-01-13T17:44:18Z,payments,INFO,Payment status reconciled,231
2026-01-13T18:18:02Z,auth,INFO,Session refreshed,141
2026-01-13T18:56:26Z,api,INFO,Response served from cache,128
2026-01-13T19:10:26Z,db,INFO,Connection returned to pool,87
2026-01-13T23:20:35Z,api,INFO,HTTP request completed,170
2026-01-13T23:31:14Z,auth,WARN,Login rate limit nearing threshold,287
2026-01-14T00:18:30Z,db,INFO,Database query completed,41
2026-01-14T00:21:43Z,api,INFO,Response served from cache,132
2026-01-14T01:01:20Z,api,INFO,Response served from cache,138
2026-01-14T02:02:29Z,api,INFO,HTTP request completed,124
2026-01-14T02:07:33Z,api,INFO,Response served from cache,214
2026-01-14T03:49:17Z,auth,INFO,Identity cache hit,147
2026-01-14T04:55:07Z,payments,INFO,Payment webhook processed,211
2026-01-14T05:12:12Z,db,INFO,Database query completed,63
2026-01-14T05:27:37Z,auth,INFO,Session refreshed,90
2026-01-14T06:09:45Z,auth,INFO,Identity cache hit,107
2026-01-14T06:24:42Z,payments,WARN,Webhook delivery delayed,445
2026-01-14T07:06:09Z,api,INFO,HTTP request completed,123
2026-01-14T07:46:38Z,db,INFO,Connection returned to pool,41
2026-01-14T08:09:01Z,api,WARN,Client rate limit nearing threshold,256
2026-01-14T08:29:28Z,notifications,INFO,Push notification delivered,89
2026-01-14T08:40:45Z,payments,INFO,Payment webhook processed,227
2026-01-14T08:59:05Z,auth,INFO,Session refreshed,106
2026-01-14T09:19:56Z,api,INFO,HTTP request completed,144
2026-01-14T09:51:43Z,auth,INFO,Access token issued,94
2026-01-14T09:56:07Z,payments,INFO,Payment status reconciled,218
2026-01-14T10:59:06Z,payments,INFO,Payment authorization completed,203
2026-01-14T11:26:46Z,api,INFO,API health check passed,123
2026-01-14T11:39:55Z,payments,INFO,Payment authorization completed,182
2026-01-14T12:25:40Z,search,INFO,Search query completed,197
2026-01-14T12:26:41Z,notifications,INFO,Email notification queued,74
2026-01-14T12:35:22Z,auth,WARN,Login rate limit nearing threshold,399
2026-01-14T12:40:20Z,db,INFO,Replica health check passed,68
2026-01-14T13:31:09Z,search,INFO,Search query completed,161
2026-01-14T13:39:03Z,api,WARN,Client rate limit nearing threshold,287
2026-01-14T13:49:52Z,payments,INFO,Payment webhook processed,201
2026-01-14T14:20:58Z,payments,INFO,Payment authorization completed,234
2026-01-14T14:42:31Z,notifications,INFO,Push notification delivered,72
2026-01-14T14:49:49Z,db,INFO,Connection returned to pool,98
2026-01-14T14:53:40Z,db,INFO,Connection returned to pool,51
2026-01-14T15:33:19Z,auth,WARN,Token verification latency elevated,241
2026-01-14T16:08:41Z,search,INFO,Index refresh checkpoint saved,184
2026-01-14T16:19:06Z,api,ERROR,Request handler failed,823
2026-01-14T16:33:02Z,payments,WARN,Webhook delivery delayed,327
2026-01-14T17:08:32Z,search,INFO,Index refresh checkpoint saved,206
2026-01-14T17:29:26Z,notifications,INFO,Notification template rendered,74
2026-01-14T17:33:28Z,db,INFO,Replica health check passed,97
2026-01-14T17:55:41Z,auth,INFO,Session refreshed,103
2026-01-14T18:05:42Z,api,INFO,HTTP request completed,154
2026-01-14T18:15:03Z,api,INFO,HTTP request completed,131
2026-01-14T20:28:57Z,api,WARN,Request queue utilization high,307
2026-01-14T20:29:07Z,payments,INFO,Payment webhook processed,196
2026-01-14T21:03:18Z,payments,INFO,Payment webhook processed,227
2026-01-14T22:15:43Z,auth,INFO,Access token issued,119
